id,first_name,last_name,email,gender,ip_address
1,Claudian,Frampton,cframpton0@cargocollective.com,Male,67.190.138.79
2,Cathlene,McCullagh,cmccullagh1@flickr.com,Female,127.3.211.74
3,Garek,Brandom,gbrandom2@issuu.com,Male,206.113.54.33
4,Ondrea,Smickle,osmickle3@jimdo.com,Polygender,150.36.19.61
5,Rodney,Bamling,rbamling4@photobucket.com,Male,58.86.245.73
6,Raoul,Whitnall,rwhitnall5@globo.com,Male,141.97.16.225
7,Urban,Spurnier,uspurnier6@studiopress.com,Male,30.251.1.83
8,Van,Spaunton,vspaunton7@salon.com,Male,134.93.75.164
9,Barnebas,Sallery,bsallery8@rediff.com,Male,125.204.44.116
10,Jenni,Gammons,jgammons9@seattletimes.com,Female,109.21.3.209
11,Jarret,Balle,jballea@sogou.com,Male,153.202.148.221
12,Ellie,Skirvane,eskirvaneb@answers.com,Female,47.213.23.107
13,Neron,Macilhench,nmacilhenchc@shop-pro.jp,Male,200.77.213.195
14,Beatriz,Emptage,bemptaged@netvibes.com,Female,104.187.54.30
15,Aluin,Skydall,askydalle@hud.gov,Male,168.201.117.190
16,Ag,Cleatherow,acleatherowf@chicagotribune.com,Female,217.80.216.7
17,Casar,Brokenbrow,cbrokenbrowg@netlog.com,Male,140.210.247.209
18,Nye,Delnevo,ndelnevoh@loc.gov,Male,243.154.71.62
19,Minni,Petican,mpeticani@histats.com,Female,56.237.126.152
20,Brok,Reyes,breyesj@ow.ly,Male,97.253.189.219
21,Fina,Swain,fswaink@cam.ac.uk,Female,6.203.111.89
22,L;urette,Firmage,lfirmagel@abc.net.au,Female,38.73.55.120
23,Jeno,De Caville,jdecavillem@apple.com,Male,193.117.26.139
24,Jarrod,Collie,jcollien@shinystat.com,Male,14.77.255.1
25,Ezri,Jesper,ejespero@sun.com,Male,19.74.176.139
26,Chickie,Wilde,cwildep@rakuten.co.jp,Female,190.171.197.242
27,Shellysheldon,Gonzalez,sgonzalezq@multiply.com,Male,221.114.38.19
28,Hobey,Youings,hyouingsr@scribd.com,Male,64.254.113.49
29,Jerry,Striker,jstrikers@sina.com.cn,Male,61.210.155.113
30,Yves,Hurch,yhurcht@netscape.com,Male,0.122.175.47
31,Myca,Georges,mgeorgesu@archive.org,Male,49.249.55.37
32,Burch,O'Dee,bodeev@plala.or.jp,Male,155.61.229.71
33,Etty,Trussell,etrussellw@sogou.com,Female,105.168.148.0
34,Camellia,Arnaut,carnautx@dropbox.com,Female,202.111.131.82
35,Gretal,Stubbs,gstubbsy@time.com,Female,135.173.4.154
36,Bambie,Oak,boakz@unesco.org,Female,28.25.232.119
37,Willem,Lansdowne,wlansdowne10@sun.com,Male,232.216.162.98
38,Enrico,Colin,ecolin11@skyrock.com,Male,223.197.47.121
39,Teirtza,Stinson,tstinson12@scientificamerican.com,Female,141.145.211.177
40,Vilma,Vobes,vvobes13@webmd.com,Female,134.110.44.124
41,Terra,Loxston,tloxston14@ftc.gov,Female,220.121.57.52
42,Adore,Sherrin,asherrin15@istockphoto.com,Female,181.243.89.7
43,Bradan,Clemoes,bclemoes16@yelp.com,Male,193.247.197.121
44,Pincus,Musicka,pmusicka17@businessweek.com,Polygender,245.208.40.143
45,Tova,Knappe,tknappe18@huffingtonpost.com,Female,118.173.194.47
46,Redd,Boughton,rboughton19@simplemachines.org,Male,127.25.113.69
47,Stern,Posnette,sposnette1a@purevolume.com,Male,40.31.168.100
48,Freddy,Rable,frable1b@cbc.ca,Female,144.234.64.231
49,Barnebas,Probart,bprobart1c@biglobe.ne.jp,Male,82.176.188.5
50,Lydon,Fewless,lfewless1d@stumbleupon.com,Male,166.237.226.163
51,Wallie,England,wengland1e@bbb.org,Female,79.177.235.40
52,Alvina,Paler,apaler1f@stumbleupon.com,Female,130.103.227.144
53,Paige,Gardiner,pgardiner1g@opera.com,Male,12.173.42.254
54,Pepito,de Tocqueville,pdetocqueville1h@weibo.com,Male,141.53.158.215
55,Fidelia,Trusty,ftrusty1i@japanpost.jp,Female,35.113.200.89
56,Phebe,Edon,pedon1j@imdb.com,Female,121.218.83.148
57,Falkner,Senechell,fsenechell1k@oakley.com,Bigender,108.37.98.82
58,Jessalyn,Saul,jsaul1l@cbc.ca,Female,142.8.207.229
59,Myrle,Beharrell,mbeharrell1m@narod.ru,Bigender,105.6.243.119
60,Darb,Matkin,dmatkin1n@1und1.de,Female,145.232.35.15
61,Milli,Gobert,mgobert1o@so-net.ne.jp,Female,166.74.186.65
62,Lesly,Gladbeck,lgladbeck1p@imageshack.us,Female,124.62.55.217
63,Laetitia,Suatt,lsuatt1q@aboutads.info,Female,211.86.42.64
64,Cecil,McMenamin,cmcmenamin1r@mapy.cz,Male,174.121.250.125
65,Margarethe,Jaggli,mjaggli1s@toplist.cz,Female,223.134.179.107
66,Kailey,Malacrida,kmalacrida1t@symantec.com,Female,186.81.10.163
67,Engelbert,Packham,epackham1u@acquirethisname.com,Male,148.115.213.171
68,Paulie,Rawlings,prawlings1v@example.com,Male,55.84.192.179
69,Fons,Stranger,fstranger1w@paginegialle.it,Male,198.236.151.105
70,Umeko,Etty,uetty1x@amazon.com,Female,255.3.10.69
71,Ruttger,Burnapp,rburnapp1y@tripod.com,Male,7.153.182.101
72,Cathryn,Silverson,csilverson1z@ted.com,Female,182.46.103.54
73,Isaac,Rainard,irainard20@qq.com,Bigender,218.128.187.31
74,Joellyn,Reilingen,jreilingen21@hud.gov,Non-binary,108.106.37.229
75,Rodney,Rawlin,rrawlin22@mysql.com,Male,169.226.179.227
76,Izabel,England,iengland23@github.io,Agender,198.212.110.165
77,Yuri,Locock,ylocock24@icq.com,Male,34.83.94.165
78,Drew,Wanklin,dwanklin25@statcounter.com,Male,166.68.26.250
79,Samuele,Golsworthy,sgolsworthy26@blogtalkradio.com,Male,24.7.118.6
80,Belinda,Marages,bmarages27@apache.org,Female,99.51.11.163
81,Babb,Puncher,bpuncher28@unblog.fr,Female,151.102.11.8
82,Norrie,Brellin,nbrellin29@whitehouse.gov,Female,42.111.178.187
83,Page,Allwright,pallwright2a@paypal.com,Polygender,36.67.24.223
84,Allyn,Hovenden,ahovenden2b@comcast.net,Female,21.154.191.51
85,Adelind,Yexley,ayexley2c@4shared.com,Female,67.65.105.249
86,Gayler,Durnall,gdurnall2d@springer.com,Male,122.186.115.182
87,Gregg,Stenning,gstenning2e@squarespace.com,Male,118.208.208.209
88,Arly,Donnett,adonnett2f@alexa.com,Female,60.157.113.28
89,Georgianne,Saiens,gsaiens2g@blogspot.com,Female,170.72.55.19
90,Cchaddie,Paoletto,cpaoletto2h@ca.gov,Male,224.45.22.221
91,Syd,Vlach,svlach2i@w3.org,Male,242.122.45.80
92,Francesco,Vautrey,fvautrey2j@flickr.com,Male,229.221.155.88
93,Grete,Wattisham,gwattisham2k@hexun.com,Female,199.62.43.206
94,Boone,Mooring,bmooring2l@irs.gov,Male,156.134.92.63
95,Fawnia,Coolson,fcoolson2m@cisco.com,Female,196.201.149.36
96,Bobbe,Gregorace,bgregorace2n@exblog.jp,Female,145.180.71.130
97,Marris,Gatfield,mgatfield2o@xrea.com,Female,220.68.209.141
98,Howey,Tribe,htribe2p@noaa.gov,Male,76.33.122.31
99,Hewe,Rhelton,hrhelton2q@meetup.com,Male,240.88.195.86
100,Sergio,McKinnell,smckinnell2r@opensource.org,Male,50.37.199.216
